,date of Polar Low Occurance,Aqua or Terra?,"How confident are you that this is actually a polar low [1 for low, 2 for high, 0 for definitely not a polar low]",latitude of box top,longitude of box right side,latitude of box bottom,longitude of box left side,file name of PNG
Starr,08/11/2020,Terra,2,-57.94,-144.555,-66.748,-153.348,200811_HS1.png
Starr,08/11/2020,Terra,2,-58.15,-130.43,-66.98,-139.22,200811_HS2.png
Starr,08/10/2020,Terra,2,-51.66,-143.26,-60.43,-152.06,200810_HS1.png
Starr,08/13/2020,Terra,2,-53.31,-58.41,-62.11,-67.23,200813_HS1.png
Starr,08/14/2020,Terra,2,-59.4,-79.76,-68.26,-88.58,200814_HS1.png
Starr,08/09/2020,Terra,0,11.96,-36.98,3.18,-45.81,200809_HS1.png
Starr,08/10/2020,Terra,0,25,-42.93,16.19,-51.71,200810_HS2.png
Starr,08/10/2020,Terra,0,15,-28.63,6.19,-37.41,200810_HS3.png
Starr,08/10/2020,Terra,0,30.24,149.51,21.43,140.73,200810_HS4.png
Starr,08/10/2020,Terra,0,1.59,166.9,-7.26,158.05,200810_HS5.png
Kanani,11/08/2019,Terra,2,51.7109,-176.1608,42.9317,175.06,191108_RK1.png
Kanani,11/08/2019,Terra,2,-51.1528,-136.6507,-59.9531,-145.451,191108_RK2.png
Kanani,11/10/2019,Aqua,2,49.5112,-142.7567,40.7256,-151.397,191110_RK3.png
Kanani,11/11/2019,Terra,2,-48.6596,137.6853,-57.4561,128.8888,191111_RK4.png
Kanani,11/12/2019,Aqua,2,53.5063,-156.915,44.7143,-165.7071,191112_RK5.png
Kanani,11/08/2019,Aqua,0,11.4037,158.5771,2.6069,149.7803,191108_RK6.png
Kanani,11/08/2019,Aqua,0,-44.2296,-177.6712,-53.0326,173.5258,191108_RK7.png
Kanani,11/09/2019,Terra,0,-6.7938,-0.5268,-15.5863,-9.3194,191109_RK8.png
Kanani,11/10/2019,Terra,0,-6.2944,-8.1055,-15.0779,-16.8889,191110_RK9.png
Kanani,11/11/2019,Terra,0,-5.9783,77.0122,-14.7722,68.2184,191111_RK10.png
Ebulu,12/25/2019,Aqua,1,-60.9737,81.5595,-69.7709,72.7622,191225_CE1.png
Ebulu,12/25/2019,Terra,1,52.7026,163.9228,43.9133,155.1336,191225_CE2.png
Ebulu,12/25/2019,Terra,2,-46.2956,91.2183,-55.1205,82.3933,191225_CE3.png
Ebulu,12/28/2019,Terra,2,60.0105,-143.8157,51.2123,-152.6139,191228_CE4.png
Ebulu,12/27/2019,Terra,1,-45.2484,107.1561,-54.0339,98.3706,191227_CE5.png
Ebulu,12/26/2019,Aqua,0,-45.7487,-27.163,-54.5393,-35.9535,191226_CE6.png
Ebulu,12/26/2019,Aqua,0,-35.4008,22.8253,-44.1909,14.0353,191226_CE7.png
Ebulu,12/24/2019,Aqua,0,13.8364,69.2072,5.0375,60.4083,191224_CE8.png
Ebulu,12/27/2019,Aqua,0,-9.8303,62.2686,-18.6156,53.4834,191227_CE9.png
Ebulu,12/22/2019,Terra,0,-7.161,-17.3626,-15.9528,-26.1544,191222_CE10.png
Jackson,11/17/2019,Terra,2,57.886,-38.1427,48.9241,-46.9196,191117_SJ2.png
Jackson,11/17/2019,Aqua,1,49.4553,-143.5197,40.0578,-152.942,191117_SJ3.png
Jackson,11/18/2019,Aqua,2,51.722,-126.9389,42.5743,-136.0057,191118_SJ4.png
Jackson,11/19/2019,Terra,2,-51.6529,-73.0061,-60.8801,-82.0441,191119_SJ5.png
Jackson,11/20/2019,Terra,0,34.9879,-587993,25.982,-68.7805,191120_SJ6.png
Jackson,11/20/2019,Aqua,0,-29.6944,-108.4128,-39.5759,-117.9026,191120_SJ7.png
Jackson,11/21/2019,Aqua,0,-31.8916,60.9517,-40.8519,52.1466,191121_SJ8.png
Jackson,11/21/2019,Terra,0,44.3146,-135.2911,35.4608,-144.193,191121_SJ9.png
Jackson,11/22/2019,Aqua,0,-25.183,73.9747,-34.7094,64.6885,191122_SJ10.png
Gorden,11/23/2019,Terra,1,-52.1677,143.4113,-60.9707,134.3568,191123_VG1.png
Patre,08/24/2020,Terra,2,70.0537,-21.6627,61.2596,-40.4568,200824_SP1.png
Patre,08/24/2020,Terra,1,-59.1638,-108.152,-67.9543,-116.9425,200824_SP2.png
Patre,08/24/2020,Terra,2,-41.8427,-143.1037,-50.6266,-151.8876,200824_SP3.png
Patre,08/30/2020,Terra,2,62.0014,-159.9744,53.2176,-168.7582,200830_SP1.png
Patre,08/30/2020,Aqua,2,-45.726,-53.521,-54.5251,-162.3201,200830_SP2.png
Patre,08/24/2020,Terra,0,44.1566,-34.1602,35.3453,-42.9715,200824_SP4.png
Patre,08/24/2020,Terra,0,37.516,-165.2324,28.7101,-174.0383,200824_SP5.png
Patre,08/24/2020,Terra,0,-40.6278,-38.9361,-49.4012,-47.7095,200824_SP6.png
Patre,08/30/2020,Aqua,0,-50.7591,163.688,-59.5659,154.8812,200830_SP3.png
Patre,08/30/2020,Terra,0,45.1618,-28.8057,36.3884,-37.5791,200830_SP4.png
Lewis,08/16/2020,Terra,2,56.7241,-140.1642,47.9156,-148.7334,200816_ML1.png
Lewis,08/16/2020,Terra,2,-49.5261,40.6956,-59.2937,31.928,200816_ML2.png
Lewis,08/16/2020,Terra,2,-46.7042,-153.6785,-55.4718,-162.4461,200816_ML3.png
Lewis,08/17/2020,Aqua,2,57.2988,-140.0665,48.5252,-148.8401,200817_ML4.png
Lewis,08/17/2020,Terra,2,-48.9496,45.024,-57.7644,36.2092,200817_ML5.png
Lewis,08/17/2020,Terra,0,-39.8594,44.473,-48.6742,35.6583,200817_ML6.png
Lewis,08/19/2020,Aqua,0,20.1913,71.8815,11.3765,63.0667,200819_ML7.png
Lewis,08/19/2020,Aqua,0,-23.4616,174.3053,-32.2764,165.4905,200819_ML8.png
Lewis,08/20/2020,Aqua,0,-21.8088,177.8863,-30.6236,169.0715,200820_ML9.png
Lewis,08/20/2020,Aqua,0,51.762,-143.3853,42.9473,-152.2001,200820_ML10.png
Natta,10/01/2019,Aqua,2,60.6902,-144.49,51.8471,-153.333,191001_MN1.png
Natta,10/02/2019,Terra,2,-55.9789,-133.9404,-65.7242,-146.0003,191002_MN(2).png
Natta,10/03/2019,Terra,2,51.9847,-34.5641,44.6904,-43.6167,191003_MN3.png
Natta,10/04/2019,Aqua,2,61.5981,-29.7747,52.6106,-38.7623,191004_MN4.png
Natta,10/06/2019,Aqua,0,-51.6682,-77.9045,-60.6557,-87.2176,191006_MN6.png
Natta,10/07/2019,Terra,0,-42.488,-106.4718,-52.4755,-115.7198,191007_MN7.png
Natta,10/08/2019,Aqua,0,-54.5369,-169.2811,-67.3987,-178.6595,191008_MN8.png
Natta,10/09/2019,Aqua,0,-44.0127,142.9067,-53.3911,133.5283,191009_MN9.png
Natta,10/10/2019,Terra,0,-47.9645,149.1628,-56.807,139.7844,191010_MN10.png
Fernon,12/15/2019,Aqua,2,59.176,-162.6502,50.3464,-171.4526,191215_KF1.png
Fernon,12/15/2019,Aqua,2,59.6965,-154.6561,50.8857,-163.4669,191215_KF2.png
Fernon,12/19/2019,Aqua,2,-41.7475,-179.9399,-50.6114,171.2407,191219_KF3.png
Fernon,12/21/2019,Terra,2,-55.6006,-80.0907,-64.3819,88.903,191221_KF4.png
Fernon,12/17/2019,Terra,1,-43.6623,117.0704,-52.5392,108.249,191217_KF5.png
Fernon,12/16/2019,Terra,0,-4.6749,72.2643,-13.5049,63.4343,191216_KF6.png
Fernon,12/15/2019,Terra,0,-5.3907,176.5764,-14.1756,167.7915,191215_KF7.png
Fernon,12/20/2019,Aqua,0,-13.106,-164.9848,-21.8836,-173.7911,191220_KF8.png
Fernon,12/18/2019,Aqua,0,0.4172,-168.4655,-8.3789,-177.2616,191218_KF9.png
Fernon,12/18/2019,Aqua,0,29.8985,151.6944,21.1037,142.8995,191218_KF10.png
Wu,11/18/2020,Aqua,2,60.9531,173.2949,52.1413,164.4519,201118_JW1.png
Wu,11/17/2020,Terra,1,-44.3988,167.1273,-53.2044,158.3217,201117_JW1.png
Wu,11/12/2020,Terra,1,-48.7035,-75.8646,-57.5973,-84.7234,201112_JW1.png
Wu,11/11/2020,Terra,1,-40.0277,144.7543,-48.7842,135.6958,201111_JW1.png
Wu,11/11/2020,Terra,2,-44.8575,98.1382,-53.7113,89.2843,201111_JW2.png
Wu,11/12/2020,Aqua,1,62.2947,-16.7922,53.462,-25.625,201112_JW2.png
Wu,11/15/2020,Aqua,2,56.7484,-142.2733,47.8946,-151.1271,201115_JW1.png
Wu,11/11/2020,Terra,0,-6.3808,179.155,-15.1987,170.337,201111_JW3.png
Wu,11/12/2020,Terra,0,35.6663,-24.6684,26.8089,-33.5257,201112_JW3.png
Wu,11/13/2020,Terra,0,27.8478,-176.8854,19.0302,174.297,201113_JW1.png
Wu,11/14/2020,Terra,0,-26.8486,97.2498,-35.6662,88.4322,201114_JW1.png
Wu,11/15/2020,Terra,0,45.6237,-137.357,36.8061,-146.1746,201115_JW2.png
Qian,10/01/2020,Terra,1,51.2514,169.8221,42.5064,160.985,201001_JQ1.png
Qian,10/04/2020,Aqua,2,59.1001,155.7985,50.2476,146.8484,201004_JQ2.png
Qian,10/04/2020,Aqua,1,56.1053,-147.8798,47.2204,-156.8299,201004_JQ1.png
Qian,10/05/2020,Aqua,1,59.1066,155.738,50.3616,146.8549,201005_JQ1.png
Qian,10/03/2020,Aqua,0,55.8058,-11.9927,46.9687,-20.7377,201003_JQ1.png
Qian,10/05/2020,Terra,0,-46.2369,-167.6241,-55.074,-176.3692,201005_JQ2.png
Qian,10/05/2020,Aqua,0,40.4632,-12.3169,31.6742,-21.0356,201005_JQ3.png
Qian,10/06/2020,Terra,0,47.7054,-138.8325,38.9164,-147.5513,201006_JQ1.png
Qian,10/07/2020,Terra,0,-1.4644,0.8555,-10.3237,-7.8632,201007_JQ1.png
Monson,10/15/2019,Aqua,1,61.3478,-18.8864,52.2384,-27.9958,191015_AM1.png
Monson,10/16/2019,Aqua,0,65.5262,48.2672,56.5265,39.4871,191016_AM1.png
Monson,10/17/2019,Terra,0,65.8554,39.0481,56.8558,30.1582,191017_AM1.png
Monson,10/19/2019,Aqua,0,50.1609,39.9261,41.1613,31.146,191019_AM1.png
Monson,10/20/2019,Aqua,1,-51.6347,163.7059,-60.6343,154.9257,191020_AM1.png
Monson,10/21/2019,Aqua,1,-50.7567,172.047,-59.7563,163.2669,191021_AM1.png
Monson,10/22/2019,Aqua,0,60.1964,111.288,51.3065,102.3981,191022_AM1.png
Monson,10/23/2019,Aqua,2,-42.5528,118.3774,-51.5524,109.5972,191023_AM1.png
Monson,10/24/2019,Terra,0,65.9713,118.1769,56.9717,109.3968,191024_AM1.png
Monson,10/25/2019,Aqua ,2,-41.2434,-157.755,-50.9015,-166.4254,191025_AM1.png
Gorden,11/27/2019,Terra,1,-54.9248,169.7079,-63.7962,160.8364,191127_VG4.png
Gorden,11/29/2019,Terra,1,-41.4015,-30.9027,-50.2002,-39.6733,191129_VG5.png
Gorden,11/29/2019,Terra,0,49.127,-141.4587,40.2863,-150.2102,191129_VG6.png
Gorden,11/27/2019,Aqua,0,50.1253,-132.4263,41.3147,-141.2368,191127_VG7.png
Gorden,11/28/2019,Aqua,0,55.625,-31.9545,46.8555,-40.7604,191128_VG8.png
Gorden,11/30/2019,Aqua,0,-47.4641,-94.3346,-56.2624,-103.3063,191130_VG9.png
Gorden,11/29/2019,Aqua,0,39.2888,-40.9509,30.4747,-49.8086,191123_VG10.png
Patel,10/20/2019,Terra,0,44.3931,-116.6699,39.9968,-121.0661,191020_AP1.png
Patel,10/19/2019,Terra,2,-43.4874,-146.3537,-52.2926,-155.1589,191019_AP1.png
Patel,10/19/2019,Terra,1,55.5791,-145.2842,46.7716,-154.0624,191019_AP2.png
Patel,10/16/2019,Terra,0,-7.6759,35.5841,-16.4638,26.8162,191016_AP1.png
Patel,10/16/2019,Aqua,0,39.9562,33.3868,31.1523,24.601,191016_AP2.png
Birmingham,11/01/2019,Terra,1,-54.3294,-64.3146,-63.1156,-73.1008,191101_RB1.png
Birmingham,11/01/2019,Aqua,2,-51.6963,-164.6522,-60.4762,-173.488,191101_RB2.png
Birmingham,11/03/2019,Terra,2,54.4401,174.472,45.6553,165.6872,191103_RB1.png
Birmingham,11/03/2019,Terra,2,54.1933,155.7461,45.4087,146.9479,191103_RB2.png
Birmingham,11/03/2019,Terra,2,-52.5658,-69.0284,-61.3639,-77.8266,191103_RB3.png
Birmingham,11/04/2019,Terra,0,-20.1987,106.1104,-29.0104,97.2987,191104_RB1.png
Birmingham,11/05/2019,Aqua,0,40.1807,-125.7007,31.3689,-134.5125,191105_RB1.png
Birmingham,11/05/2019,Aqua,0,23.0492,68.7914,14.2374,59.9796,191105_RB2.png
Birmingham,11/06/2019,Terra,0,-30.5634,9.7972,-39.3752,0.9854,191106_RB1.png
Birmingham,11/07/2019,Aqua,0,39.8394,-147.8251,31.0277,-156.6369,191107_RB1.png
Arun,12/01/2019,Aqua,0,17.1397,134.3722,8.3337,125.5662,191201_RA2.png
Arun,12/01/2019,Aqua,2,-52.0815,4.8294,-60.8718,-3.9606,191201_RA3.png
Arun,12/02/2019,Aqua,1,-54.3737,-97.1412,-63.0995,-105.9134,191202_RA1.png
Arun,12/02/2019,Aqua,0,-38.7247,-82.5161,-47.5133,-91.3046,191202_RA2.png
Arun,12/03/2019,Terra,1,53.6117,-155.8254,44.8099,-164.6272,191203_RA1.png
Arun,12/05/2019,Terra,1,52.7109,159.6247,43.9115,150.8253,191205_RA1.png
Arun,12/06/2019,Terra,0,-8.1739,-17.1285,-16.9651,-25.9196,191206_RA1.png
Arun,12/07/2019,Aqua,0,-49.4587,-122.649,-58.2628,-131.4531,191207_RA1.png
Arun,12/07/2019,Terra,0,-32.8841,-157.5003,-41.6656,-166.2817,191207_RA2.png
Pyda,12/23/2020,Terra,1,51.1747,-153.0511,42.3472,-161.8786,201223_SP1.png
Pyda,12/24/2020,Aqua,1,-45.2939,44.5798,-54.1138,35.7599,201224_SP1.png
Pyda,12/25/2020,Terra,1,-50.2146,55.0323,-59.0546,46.1923,201225_SP1.png
Pyda,12/26/2020,Terra,1,-59.7966,-80.4512,-68.5598,-89.3289,201226_SP1.png
Pyda,12/28/2020,Terra,2,-51.6343,-118.8742,-60.432,-127.7578,201228_SP1.png
Pyda,12/28/2020,Terra,0,-50.8129,-4.2035,-59.6245,-13.0151,201228_SP2.png
Pyda,12/21/2020,Terra,0,-55.4162,20.854,-64.286,12.0169,201221_SP1.png
Pyda,12/22/2020,Terra,0,-55.8072,93.7155,-64.7327,84.9568,201222_SP1.png
Pyda,12/23/2020,Aqua,0,-47.9829,23.2717,-56.803,14.4516,201223_SP2.png
Pyda,12/26/2020,Aqua,0,-42.1949,11.3768,-50.9919,2.5798,201226_SP2.png
Palleti,08/03/20,Aqua,1,-41.5877,145.098,-50.3486,136.3016,200803_VP1.png
Palleti,08/05/20,Aqua,1,-43.771,61.4823,-52.5406,52.6899,200805_VP1.png
Palleti,08/07/20,Aqua,1,-47.821,-27.0191,-56.6184,-35.8166,200807_VP1.png
Palleti,08/02/20,Aqua,0,-41.5591,-11.1968,-50.3476,-19.9854,200802_VP1.png
Palleti,08/02/20,Aqua,0,-47.5892,72.7756,-56.3923,63.9725,200802_VP2.png
Palleti,08/02/20,Aqua,0,-46.6697,108.8154,-55.4654,95.9614,200802_VP3.png
Palleti,08/02/20,Aqua,0,-44.6892,123.2223,-53.4849,114.4266,200802_VP4.png
Palleti,08/02/20,Aqua,0,-39.4473,138.2137,-48.2608,129.4002,200802_VP5.png
Chhatre,11/21/20,Terra,0,-47.1507,5.9925,-55.9687,-2.8254,201121_RC1.png
Chhatre,11/22/20,Aqua,1,-47.2415,13.1629,-56.0548,4.3496,201122_RC1.png
Chhatre,11/23/20,Aqua,1,-47.4252,103.895,-56.1808,94.9872,201123_RC1.png
Chhatre,11/24/20,Terra,0,46.4402,158.6924,37.6405,149.8927,201124_RC1.png
Chhatre,11/25/20,Terra,0,-46.0974,137.0461,-54.9053,128.2382,201125_RC1.png
Chhatre,11/26/20,Aqua,0,-46.2491,64.8849,-55.0479,56.0861,201126_RC1.png
Chhatre,11/27/20,Terra,2,-43.2045,-34.5916,-52.0395,-43.4267,201127_RC1.png
Chhatre,11/28/20,Terra,1,50.7875,-14.4611,41.9843,-23.2642,201128_RC1.png
Chhatre,11/29/20,Aqua,1,-43.7524,-130.234,-52.6057,-139.0249,201129_RC1.png
Chhatre,11/30/20,Terra,0,49.6459,160.8282,40.8388,152.021,201130_RC1.png
Moumena,12/12/19,Terra,2,-51.3497,-51.9163,-60.2288,-60.7238,191212_AM1.png
Moumena,12/13/19,Terra,0,-51.113,-78.9855,-59.9922,-87.7931,191213_AM2.png
Moumena,12/14/19,Terra,2,-47.1526,91.4027,-56.0317,82.5951,191214_AM3.png
Moumena,12/11/19,Terra,1,-46.4923,153.4335,-55.3715,144.626,191211_AM4.png
Moumena,12/10/19,Terra,0,-27.6688,108.4632,-36.4872,99.6448,191210_AM5.png
Moumena,12/09/19,Terra,2,-49.1384,-38.3251,-57.9671,-47.2023,191209_AM6.png
Moumena,12/08/19,Aqua,2,-46.5761,97.03,-55.4048,88.1528,191208_AM7.png
Moumena,12/08/19,Aqua,0,-47.7493,-33.7345,-56.6265,-42.6118,191208_AM8.png
Moumena,12/08/19,Aqua,0,-43.82,-19.4728,-52.6487,-28.35,191208_AM9.png
Moumena,12/09/19,Aqua,0,-38.4364,114.0991,-47.2651,105.2219,191209_AM10.png
Anyadike,12/8/20,Aqua,2,54.1462,-132.783,45.208,-141.7212,201208_CA1.png
Anyadike,12/8/20,Aqua,0,56.4832,169.3219,47.545,160.3837,201208_CA2.png
Anyadike,12/9/2020,Aqua,2,59.4748,-137.0726,50.5366,-146.0108,201209_CA1.png
Anyadike,12/9/20,Aqua,0,-43.4228,-50.8039,-52.2606,-59.6417,201209_CA2.png
Anyadike,12/11/2020,Aqua,1,-45.1154,106.3232,-53.9532,97.4854,201211_CA1.png
Anyadike,12/11/20,Aqua,0,-44.8798,106.5494,-53.7176,97.7116,201211_CA3.png
Anyadike,12/12/20,Aqua,0,-40.0347,-5.0867,-48.8725,-13.9245,201212_CA1.png
Anyadike,12/13/20,Aqua,0,58.3096,-14.706,49.4279,-23.5877,201213_CA1.png
Owens,12/1/2020,Aqua,2,51.2277,-171.1244,41.3541,-179.5979,201201_CO1.png
Owens,1/2/2021,Aqua,1,51.5608,-138.567,43.1108,-147.397,210102_CO1.png
Owens,1/2/2021,Aqua,1,-43.2398,63.3196,-52.1161,54.4564,210102_CO2.png
Owens,01/23/2021,Aqua,1,49.0603,171.0837,40.2103,162.2599,210123_CO1.png
Owens,01/23/2021,Aqua,0,-3.0265,80.0725,-11.4765,71.2224,210123_CO2.png
Owens,01/17/21,Aqua,0,-4.5034,-147.2889,-13.3535,-156.139,210117_CO1.png
Owens,1/16/2021,Aqua,0,-9.417,67.4218,-18.267,58.5718,210116_CO1.png
Owens,1/15/2021,Aqua,0,-6.5389,-152.1021,-15.389,-160.5522,210115_CO1.png
Owens,1/14/21,Aqua,0,-7.5074,-134.5209,-16.3574,-143.3841,210114_CO1.png
Gupta,6/2/2018,Terra,1,60.137,-137.4986,51.3497,-146.2858,180602_MG1.png
Gupta,6/2/2018,Terra,1,53.0721,-10.7558,44.282,-19.5459,180602_MG2.png
Gupta,6/3/2018,Terra,1,50.1343,-7.1984,41.439,-15.9837,180603_MG1.png
Gupta,6/3/2018,Terra,1,60.0808,-138.0295,51.2894,-146.8209,180603_MG2.png
Gupta,6/3/2018,Terra,1,60.0808,-138.0295,51.2894,-146.8209,180603_MG3.png
Gupta,6/4/2018,Terra,2,-49.2477,111.2775,-58.0336,102.4917,180604_MG1.png
Gupta,6/5/2018,Terra,2,58.9141,-41.7347,50.1246,-50.5241,180605_MG1.png
Gupta,6/5/2018,Terra,1,58.8107,-41.9866,50.0178,-50.7795,180605_MG2.png
Gupta,6/6/2018,Terra,1,-43.9112,127.222,-52.6977,118.4355,180606_MG1.png
Greiner,6/8/2018,Terra,2,61.9214,-5.3007,53.1272,-14.095,180608_JG1.png
Greiner,6/8/2018,Aqua,2,-40.1483,102.4617,-48.9474,93.6625,180608_JG2.png
Greiner,6/9/2018,Terra,1,51.4715,-33.5371,42.673,-42.3357,180609_JG1.png
Greiner,6/9/2018,Aqua,2,52.919,-161.7187,44.1122,-170.5255,180609_JG2.png
Greiner,6/13/2018,Aqua,2,56.8757,-131.669,48.0814,-140.4634,180613_JG1.png
Greiner,6/14/2018,Aqua,1,-40.7485,-164.6687,-49.5366,-173.4568,180614_JG1.png
Greiner,6/14/2018,Terra,2,49.9406,-163.8478,41.1561,-172.6323,180614_JG2.png
Greiner,6/14/2018,Terra,2,56.7156,-132.7553,47.9334,-141.5374,180614_JG4.png
Greiner,6/15/2018,Terra,2,-43.4693,-164.6619,-52.2725,-173.465,180615_JG2.png
Greiner,6/16/2018,Aqua,2,59.688,-46.7619,50.8977,-55.5523,180616_JG1.png
Le,6/17/2018,Terra,2,62.7012,-16.5586,53.9121,-25.3477,180617_JL1.png
Le,6/17/2018,Terra,1,-50.8535,-90,-59.6426,-98.7891,180617_JL2.png
Le,6/18/2018,Terra,2,68.1768,-33.3633,59.3877,-42.1523,180618_JL1.png
Le,6/18/2018,Terra,2,68.3701,-3.5332,59.5811,-12.3223,180618_JL2.png
Le,6/18/2018,Terra,2,-47.0215,27.4219,-55.8105,18.6328,180618_JL3.png
Le,6/18/2018,Aqua,1,-42.1436,7.2598,-50.9326,-1.5293,180618_JL4.png
Le,6/19/2018,Aqua,2,79.9541,-68.7305,71.165,-77.5195,180619_JL1.png
Le,6/19/2018,Aqua,1,-49.3418,143.2969,-58.1309,134.5078,180619_JL2.png
Le,6/19/2018,Terra,2,-47.083,36.2109,-55.8721,27.4219,180619_JL4.png
Le,6/20/2018,Terra,2,-42.4951,-18.2637,-51.2842,-27.0527,180620_JL2.png
Le,6/20/2018,Aqua,1,-48.7529,142.9102,-57.542,134.1211,180620_JL3.png
Le,6/20/2018,Aqua,1,-48.7705,8.7188,-57.5596,-0.0703,180620_JL4.png
Le,6/21/2018,Terra,1,61.5322,-138.4453,52.7432,-147.2344,180621_JL1.png
Herrera,6/24/2018,aqua,2,-48.7411,-25.7373,-57.5361,-34.5322,180624_JH1.png
Herrera,6/25/2018,aqua,2,-47.0921,93.2204,-55.887,84.3953,180625_JH1.png
Herrera,6/25/2018,aqua,1,-46.4502,179.7803,-55.2393,170.9912,180625_JH2.png
Herrera,6/26/2018,terra,2,-51.5424,-66.673,-60.3533,-75.4839,180626_JH2.png
Herrera,6/27/2018,aqua,2,-48.7855,-81.8586,-57.5757,-90.6488,180627_JH1.png
Herrera,6/26/2018,terra,1,49.3045,-50.9513,40.4936,-59.7622,180628_JH1.png
Herrera,6/28/2018,Terra,2,-49.627,-92.5384,-58.4259,-101.3373,180628_JH1.png
Herrera,6/28/2018,terra,2,-41.5542,-40.2104,-50.3405,-48.9967,180628_JH2.png
Herrera,6/28/2018,terra,1,-44.1125,-29.7185,-52.8989,-38.5048,180628_JH3.png
Herrera,6/29/2018,terra,2,60.7676,-28.3096,51.9785,-37.0986,180629_JH1.png
Herrera,6/30/2018,aqua,1,-49.6646,-109.328,-58.4747,-118.1182,180630_JH1.png
Panickar,7/1/2018,Aqua,2,-41.667,179.3427,-50.4629,169.1546,180701_RP1.png
Panickar,7/2/2018,Aqua,2,-40.4613,-174.2254,-49.2526,176.9833,180702_RP1.png
Panickar,7/3/2018,Aqua,1,-42.6565,-104.8991,-51.4592,-113.7018,180703_RP1.png
Panickar,7/4/2018,Terra,2,-42.4809,131.6074,-51.1699,122.8184,180704_RP1.png
Panickar,7/4/2018,Aqua,1,-42.3984,-28.125,-51.1875,-36.9141,180704_RP1.png
Panickar,7/5/2018,Aqua,2,-47.3259,149.8744,-56.1239,141.0763,180705_RP1.png
Panickar,7/5/2018,Terra,1,-44.1563,131.6514,-52.9453,122.8263,180705_RP2.png
Panickar,7/6/2018,Aqua,2,-46.7754,150.0469,-55.5645,141.2578,180706_RP1.png
Panickar,7/6/2018,Terra,1,-47.6964,161.2761,-56.4168,152.4558,180706_RP2.png
Panickar,7/7/2018,Aqua,1,-46.8011,-95.1024,-55.6215,-103.9418,180707_RP1.png
Panickar,7/7/2018,Terra,2,-47.6205,161.2039,-56.4409,152.7904,180707_RP2.png
Neel,7/16/2018,Terra,1,64.9125,-10.8246,56.1234,-19.6136,180716_IN1.png
Neel,7/17/2018,Aqua,1,-40.7728,124.4208,-49.5619,115.6317,180717_IN2.png
Neel,7/18/2018,Terra,2,-43.9893,-156.6567,-52.778,-165.4454,180718_IN4.png
Neel,7/18/2018,Terra,2,-41.6457,-115.0225,-50.4344,-123.8112,180718_IN5.png
Neel,7/19/2018,Aqua,2,-44.8692,140.0632,-53.6583,131.2741,180719_IN6.png
Neel,7/19/2018,Aqua,1,107.7523,-32.7352,64.5453,-52.5634,180719_IN7.png
Neel,7/20/2018,Aqua,1,67.9078,-50.3395,59.1187,-59.1286,180720_IN10.png
Neel,7/20/2018,Aqua,1,52.0116,168.9708,43.2225,160.1817,180720_IN8.png
Neel,7/20/2018,Aqua,2,-47.4961,14.0196,-56.2852,5.2305,180720_IN9.png
Neel,7/21/2018,Aqua,2,-48.6478,95.0133,-57.4368,86.2242,180721_IN11.png
Neel,7/21/2018,Terra,2,-48.9966,29.0665,-57.7856,20.2774,180721_IN12.png
Marchesi,7/24/2018,Aqua,1,64.2055,-45.034,55.414,-53.8255,180724_RM1.png
Marchesi,7/24/2018,Terra,2,64.7946,122.1478,56.0101,113.3633,180724_RM2.png
Marchesi,7/26/2018,Aqua,1,-47.9222,152.0314,-56.7143,143.2392,180726_RM1.png
Marchesi,7/26/2018,Aqua,2,-45.9773,80.5596,-54.769,71.7678,180726_RM2.png
Marchesi,7/26/2018,Aqua,2,-40.1384,-162.7585,-48.924,-171.5441,180726_RM3.png
Marchesi,7/27/2018,Aqua,2,-47.4567,-144.6874,-56.2411,-153.4718,180727_RM1.png
Marchesi,7/27/2018,Aqua,1,-45.4871,143.9027,-54.2653,135.1245,180727_RM2.png
Marchesi,7/30/2018,Aqua,2,63.2846,-20.0557,54.5078,-28.8325,180730_RM1.png
Marchesi,7/30/2018,Aqua,1,-52.0298,89.3539,-60.8153,80.5685,180730_RM2.png
Marchesi,7/30/2018,Aqua,1,-47.322,-41.5346,-56.1135,-50.3261,180730_RM3.png
Marchesi,7/31/2018,Aqua,1,-52.4696,-147.078,-61.2499,-155.8583,180731_RM1.png
Marchesi,7/31/2018,Aqua,2,-54.283,87.8228,-63.0721,79.0037,180731_RM2.png
Patel,8/1/2018,Terra,1,-43.0598,-25.2023,-51.8735,-33.9806,180801_DP1.png
Patel,8/2/2018,Terra,2,-47.6065,56.3904,-56.4121,47.5848,180802_DP1.png
Patel,8/2/2018,Terra,2,-47.151,102.8691,-55.9566,94.0635,180802_DP2.png
Patel,8/3/2018,Terra,2,-46.3122,117.0944,-55.1336,108.273,180803_DP1.png
Patel,8/4/2018,Aqua,2,-48.8175,79.0924,-57.6166,70.2933,180804_DP1.png
Patel,8/5/2018,Terra,2,-48.1422,76.6005,-56.9636,67.7791,180805_DP1.png
Patel,8/6/2018,Terra,2,-48.8175,-104.4208,-57.6166,-133.2199,180806_DP1.png
Patel,8/8/2018,Aqua,2,-43.3682,155.9459,-52.1662,147.1479,180808_DP1.png
Patel,8/8/2018,Aqua,2,-57.141,-105.3919,-65.939,-114.1899,180808_DP2.png
Patel,8/9/2018,Aqua,1,-56.7218,-69.9701,-65.5209,-78.7692,180809_DP1.png
Patel,8/9/2018,Terra,2,-55.6263,-107.8272,-64.4477,-116.6486,180809_DP2.png
Patel,8/9/2018,Terra,2,-53.6556,129.2942,-62.4769,120.4728,180809_DP3.png
Patel,8/10/2018,Aqua,1,-56.1678,-100.8938,-64.9714,-109.6974,180810_DP1.png
Patel,8/10/2018,Terra,2,-51.1921,88.8238,-60.0135,80.0024,180810_DP2.png
Senjalia,8/11/2018,Aqua,1,52.4824,-131.6799,43.092,-122.7539,180811_AS1.png
Senjalia,8/11/2018,Terra,2,-42.2413,3.2908,-50.5467,14.1066,180811_AS2.png
Senjalia,8/12/2018,Aqua,1,-45.0835,107.5924,-53.8703,98.8055,180812_AS1.png
Senjalia,8/12/2018,Aqua,2,-43.9523,-43.45,-52.7449,-52.2426,180812_AS2.png
Senjalia,8/12/2018,Terra,1,79.761,-10.3003,70.9678,-19.0936,180812_AS3.png
Senjalia,8/14/2018,Aqua,2,-40.3797,-158.3485,-49.1655,-167.1343,180814_AS1.png
Senjalia,8/14/2018,Aqua,2,-54.283,-99.1868,-63.0741,-107.9779,180814_AS2.png
Senjalia,8/14/2018,Terra,2,-44.4005,28.8472,-53.1897,20.058,180814_AS3.png
Senjalia,8/15/2018,Terra,1,-46.8577,149.1941,-55.6445,140.4073,180815_AS1.png
Senjalia,8/15/2018,Terra,2,-40.908,-158.2591,-49.6962,-167.0473,180815_AS2.png
Senjalia,8/16/2018,Terra,1,56.1511,-138.1776,47.3583,-146.9704,180816_AS1.png
Senjalia,8/17/2018,Terra,2,60.8449,-136.9732,52.0586,-145.7595,180817_AS1.png
Friedman,8/22/2018,Aqua,1,-44.2739,174.7673,-53.0611,165.9801,180822_AF1.png
Friedman,8/22/2018,Aqua,1,-43.8859,-162.4185,-52.6688,-171.2014,180822_AF2.png
Friedman,8/23/2018,Terra,2,-54.1125,33.7384,-62.8997,24.9513,180823_AF1.png
Friedman,8/26/2018,Aqua,2,-53.6529,103.6372,-62.4572,94.8622,180826_AF1.png
Friedman,8/26/2018,Aqua,1,-40.6037,-133.2093,-49.3985,-142.0041,180826_AF2.png
Friedman,8/27/2018,Aqua,1,-53.8779,-72.5382,-62.6529,-81.3426,180827_AF1.png
Friedman,8/28/2018,Aqua,2,-52.3833,24.9136,-61.1613,16.1356,180828_AF2.png
Friedman,8/29/2018,Aqua,1,-47.5297,-133.4758,-56.3245,-142.2706,180829_AF1.png
Friedman,8/30/2018,Terra,2,-46.2461,-114.5975,-55.029,-123.3805,180830_AF1.png
Brydon,9/1/2018,Aqua,2,-53.5055,-71.629,-62.292,-80.4155,180901_MB1.png
Brydon,9/1/2018,Terra,2,-53.1572,-89.5054,-61.9437,-98.2919,180901_MB2.png
Brydon,9/1/2018,Terra,1,-57.1098,-106.6882,-65.889,-115.4674,180901_MB3.png
Brydon,9/1/2018,Terra,1,53.5701,156.7157,44.778,147.9236,180901_MB4.png
Brydon,9/2/2018,Aqua,2,59.7909,-134.7947,50.9988,-143.5868,180902_MB1.png
Brydon,9/2/2018,Aqua,2,-42.4227,-105.711,-51.2019,-114.4902,180902_MB3.png
Brydon,9/2/2018,Terra,2,-56.0726,-177.9289,-64.8517,173.2919,180902_MB5.png
Brydon,9/2/2018,Aqua,2,74.185,18.3132,72.8546,-28.9857,180902_MB7.png
Urena,9/9/2018,Terra,2,55.1063,-129.8861,46.3247,-138.6678,180909_EU1.png
Urena,9/10/2018,Aqua,1,61.8169,136.4034,54.8223,156.0876,180910_EU2.png
Urena,9/10/2018,Aqua,1,63.7998,-26.0508,55.0107,-34.8398,180910_EU3.png
Urena,9/11/2018,Terra,2,-52.5674,118.8193,-61.3564,110.0303,180911_EU4.png
Urena,9/15/2018,Aqua,1,66.4277,-22.3242,57.6035,-31.1133,180915_EU5.png
Urena,9/16/2018,Terra,1,-45.2285,-129.4805,-54.0176,-138.2695,180916_EU6.png
Patta,9/17/2018,Aqua,2,53.2463,-8.374,44.4684,-17.1519,180917_AP1.png
Urena,9/17/2018,Terra,1,61.3916,150.2754,52.6025,141.4863,180917_EU7.png
Urena,9/18/2018,Terra,1,72.7552,7.0215,63.972,-1.7618,180918_EU8.png
Patta,9/19/2018,Aqua,2,57.4787,155.0281,48.603,146.2058,180919_AP1.png
Urena,9/19/2018,Aqua,1,-54.4671,115.2572,-56.2779,136.4497,180919_EU10.png
Urena,9/19/2018,Terra,1,61.6316,4.2252,59.727,-21.2652,180919_EU11.png
Urena,9/19/2018,Terra,2,61.4889,3.3727,59.1857,-22.0703,180919_EU9.png
Patta,9/20/2018,Terra,2,57.9253,154.892,49.1487,146.1154,180920_AP1.png
Patta,9/20/2018,Terra,2,57.2149,154.6695,47.4304,145.885,180920_AP2.png
Patta,9/20/2018,Terra,2,-49.912,143.9435,-58.6886,135.1669,180920_AP3.png
Urena,9/20/2018,Aqua,1,76.7725,122.168,67.9834,113.3789,180920_EU12.png
Urena,9/20/2018,Aqua,2,58.0486,155.542,49.2557,163.1496,180920_EU13.png
Patta,9/21/2018,Terra,2,64.3036,-168.8945,55.5018,-177.6963,180921_AP1.png
Patta,9/21/2018,Terra,2,58.6671,155.3067,49.8817,146.5213,180921_AP2.png
Patta,9/22/2018,Terra,2,64.7228,-169.8768,55.9205,-178.6791,180922_AP1.png
Patta,9/22/2018,Terra,2,63.9925,-162.2901,55.1838,-171.0683,180922_AP2.png
Patta,9/23/2018,Terra,2,65.4219,-162.7335,56.614,-170.4677,180923_AP1.png
Patta,9/23/2018,Terra,2,64.9176,-47.6313,56.128,-56.4209,180923_AP2.png
Patta,9/23/2018,Terra,2,-48.3473,-47.9237,-57.1569,-56.7334,180923_AP3.png
Lavenhouse,9/24/2018,Terra,2,63.0583,-44.6717,54.1108,-53.5209,180924_TL1.png
Lavenhouse,9/24/2018,Aqua,2,-42.6376,-82.3411,-51.4729,-91.2096,180924_TL2.png
Lavenhouse,9/26/2018,Terra,2,76.2489,-59.6286,67.3677,-68.5098,180926_TL1.png
Lavenhouse,9/27/2018,Terra,1,-42.4297,55.1714,-51.2346,46.2819,180927_TL1.png
Lavenhouse,9/29/2018,Terra,2,-45.3714,-1.3418,-54.1983,-10.1688,180929_TL2.png
Lavenhouse,9/30/2018,Terra,1,63.8129,-47.0461,55.0036,-55.879,180930_TL1.png
Lavenhouse,9/30/2018,Terra,2,76.5354,66.8183,67.6857,57.9686,180930_TL2.png
Lavenhouse,9/30/2018,Aqua,1,-46.8415,-132.248,-55.7007,-141.049,180930_TL3.png
Badalov,10/1/2018,Terra,1,-55.7051,138.2344,-64.4941,129.4453,181001_MB1.png
Badalov,10/1/2018,Aqua,2,54.3516,-161.332,45.5625,-170.1211,181001_MB6.png
Badalov,10/2/2018,Aqua,1,-55.8281,-179.1914,-64.6172,172.0195,181002_MB7.png
Badalov,10/3/2018,Terra,2,59.9941,-169.1191,51.2051,-177.9081,181003_MB2.png
Badalov,10/04/2018,Aqua,1,-48.0586,-33.4688,-56.8477,-42.2578,181004_MB10.png
Badalov,10/4/2018,Terra,1,-42.0469,-49.1133,-50.8359,-57.9023,181004_MB11.png
Badalov,10/4/2018,Aqua,1,66.4102,-170.2969,57.6211,-179.0859,181004_MB9.png
Badalov,10/5/2018,Aqua,1,65.9531,-169.1367,57.1641,-177.9258,181005_MB3.png
Badalov,10/6/2018,Aqua,1,62.7891,177.6709,54,168.8818,181006_MB4.png
Badalov,10/7/2018,Aqua,1,67.043,-31.5352,58.2539,-40.3242,181007_MB12.png
Badalov,10/7/2018,Aqua,2,-49.1484,-85.4297,-57.9375,-94.2188,181007_MB5.png
Smith,10/9/2018,Aqua,2,-51.5222,161.1013,-60.2957,152.3277,181009_JS1.png
Smith,10/9/2018,Terra,2,59.8787,-178.9193,51.0833,172.2853,181009_JS2.png
Smith,10/10/2018,Aqua,1,-55.2817,95.3561,-64.0742,86.5637,181010_JS1.png
Smith,10/10/2018,Aqua,1,-55.2833,-132.4946,-64.0733,-141.2847,181010_JS2.png
Smith,10/11/2018,Aqua,2,59.4537,178.2114,50.3322,169.419,181011_JS1.png
Smith,10/12/2018,Aqua,2,62.7127,-8.6799,53.9258,-17.4669,181012_JS1.png
Smith,10/12/2018,Aqua,2,65.8193,-31.5875,57.0251,-40.3817,181012_JS2.png
Smith,10/13/2018,Aqua,1,-42.9642,-163.5004,-51.7439,-172.28,181013_JS1.png
Joshi,10/14/2018,Terra,2,55.45,-161.53,46.64,-170.34,181014_RJ1.png
Marchesi,10/15/2018,Aqua,1,-60.9961,8.9728,-69.7806,0.1882,181015_RM1.png
Joshi,10/16/2018,Terra,2,-43.6,-16.9,-52.39,-25.71,181016_RJ1.png
Joshi,10/16/2018,Terra,2,-51.1,-58.69,-59.9,-67.48,181016_RJ2.png
Joshi,10/17/2018,Terra,2,60.39,-41.25,51.6,-50.04,181017_RJ1.png
Joshi,10/17/2018,Terra,1,71.42,-52.8,62.62,-61.6,181017_RJ2.png
Joshi,10/18/2018,Terra,2,57.62,154.46,48.82,145.65,181018_RJ1.png
Joshi,10/18/2018,Terra,2,-49.4,-153.51,-58.21,-162.31,181018_RJ2.png
Joshi,10/18/2018,Terra,2,-47.42,-138.02,-56.23,-146.83,181018_RJ3.png
Joshi,10/19/2018,Terra,2,-46.37,-16.3,-55.18,-25.1,181019_RJ1.png
Joshi,10/19/2018,Terra,1,-47.39,-103.83,-56.19,-112.64,181019_RJ2.png
Joshi,10/20/2018,Terra,2,-43.97,149.64,-52.78,140.83,181020_RJ1.png
Joshi,10/21/2018,Terra,2,76.7,8.19,67.9,-0.61,181021_RJ1.png
Joshi,10/21/2018,Terra,2,-42.42,-135.62,-51.22,-144.43,181021_RJ2.png
Larcome,10/22/2018,Aqua,2,-40.3242,161.833,-49.1133,153.0439,181022_JL1.png
Larcome,10/22/2018,Aqua,2,-44.5173,132.8167,-53.3045,124.0295,181022_JL2.png
Larcome,10/22/2018,Terra,1,-42.5391,-135.6504,-51.3281,-144.4746,181022_JL3.png
Larcome,10/23/2018,Terra,1,-44.4375,141.9258,-53.2266,133.1367,181023_JL1.png
Larcome,10/24/2018,Aqua,1,-54.849,-122.7231,-63.6493,-131.5235,181024_JL1.png
Larcome,10/25/2018,Aqua,2,-51.7676,-150.7148,-60.5566,-159.5039,181025_JL1.png
Larcome,10/25/2018,Terra,2,-53.7613,-126.1536,-62.5497,-134.9421,181025_JL2.png
Larcome,10/25/2018,Terra,2,-53.5605,-7.0313,-62.3496,-15.8203,181025_JL3.png
Larcome,10/26/2018,Aqua,2,-50.1517,-151.1938,-61.6569,-158.587,181026_JL1.png
Larcome,10/26/2018,Aqua,2,-52.2713,-162.2901,-62.5836,-174.9281,181026_JL2.png
Larcome,10/26/2018,Aqua,1,-57.206,-108.364,-67.6997,-93.0153,181026_JL3.png
Larcome,10/27/2018,Aqua,1,-53.8242,-84.3398,-62.6133,-93.1289,181027_JL1.png
Larcome,10/27/2018,Aqua,2,-43.6113,-9.1582,-52.4004,-17.9473,181027_JL2.png
Larcome,10/27/2018,Aqua,1,67.3117,-52.4934,56.4033,-66.1174,181027_JL3.png
Larcome,10/28/2018,Terra,2,-48.4453,108.0879,-57.2344,99.2988,181028_JL1.png
Larcome,10/29/2018,Aqua,2,-54.3867,96.6533,-63.1758,87.8643,181029_JL1.png
Larcome,10/29/2018,Aqua,1,-51.8808,102.6124,-60.6719,93.8213,181029_JL2.png
Badalov,10/31/2018,Terra,2,-55.7578,146.2852,-64.569,137.4961,181031_MB8.png
Panickar,12/27/2018,Terra,1,52.7386,151.5918,43.9297,142.7829,181227_RP1.png
Lucas Smith,3/30/2019,Terra,2,-43.1016,98.5313,-51.8906,89.7422,190330_NLS1.png
Lucas Smith,3/30/2019,Terra,2,-52.2656,31.7578,-61.0547,22.9687,190330_NLS2.png
Singh,4/1/2019,Aqua,2,65.9135,-17.926,57.1181,-26.7213,190401_RS1.png
Singh,4/1/2019,Aqua,1,49.1869,163.3944,40.3915,154.5991,190401_RS2.png
Singh,4/4/2019,Terra,1,51.1172,-135.3067,42.3298,-144.0941,190404_RS1.png
Singh,4/4/2019,Aqua,1,51.7676,-169.1455,42.9785,-177.9346,190404_RS2.png
Singh,4/5/2019,Terra,2,55.1865,-131.4756,46.3795,-140.2646,190405_RS1.png
Singh,4/5/2019,Terra,1,52.2334,-10.0371,43.4443,-18.8262,190405_RS2.png
Singh,4/7/2019,Aqua,2,53.1387,-22.3418,44.3496,-31.1309,190407_RS1.png
Schneider,4/8/2019,Terra,1,49.6621,-11.2446,40.8615,-20.0452,190408_ES1.png
Singh,4/8/2019,Terra,1,50.1504,174.8848,41.3613,166.0957,190408_RS1.png
Schneider,4/9/2019,Terra,2,57.1887,-33.2834,47.9291,-42.0692,190409_ES2.png
Schneider,4/9/2019,Terra,2,59.4206,-143.6199,50.6456,-152.398,190409_ES4.png
Schneider,4/10/2019,Terra,2,53.8786,175.9095,45.0921,167.1229,190410_ES5.png
Schneider,4/10/2019,Aqua,1,59.22,-142.5578,50.4203,-151.3575,190410_ES6.png
Schneider,4/12/2019,Terra,1,62.679,-143.3409,53.8867,-152.1332,190412_ES1.png
Schneider,4/12/2019,Aqua,1,-52.2671,106.485,-61.0593,97.6927,190412_ES2.png
Schneider,4/12/2019,Aqua,2,-56.3329,14.9988,-65.1252,6.2066,190412_ES3.png
Schneider,4/14/2019,Aqua,2,-61.6429,23.099,-70.4172,14.3047,190414_ES1.png
Lucas Smith,4/15/2019,Terra,2,49.2539,-33.457,40.4648,-42.2461,190415_NLS1.png
Lucas Smith,4/15/2019,Terra,2,-42.3984,120.6094,-51.1875,111.8203,190415_NLS2.png
Lucas Smith,4/16/2019,Terra,2,-47.7656,78.293,-56.5547,69.5039,190416_NLS1.png
Lucas Smith,4/17/2019,Terra,2,-65.625,-138.9727,-74.4141,-147.7617,190417_NLS1.png
Lucas Smith,4/17/2019,Terra,2,57.0234,-138.8086,48.2344,-147.5977,190417_NLS2.png
Lucas Smith,4/18/2019,Terra,2,-50.3438,51.7148,-59.1328,42.9258,190418_NLS1.png
Lucas Smith,4/19/2019,Terra,2,-53.0156,-34.1016,-61.8047,-42.8906,190419_NLS1.png
Lucas Smith,4/19/2019,Aqua,2,-43.418,161.2617,-52.207,152.4727,190419_NLS2.png
Lucas Smith,4/20/2019,Aqua,2,-42.3867,133.0547,-51.1758,124.2656,190420_NLS1.png
Lucas Smith,4/21/2019,Terra,2,-62.3516,-149.0039,-72.1406,-157.793,190421_NLS1.png
Lin,4/24/2019,Terra,1,-40.2539,-41.0625,-49.0429,-49.8515,190424_VL1.png
Lin,4/24/2019,Terra,1,-61.3828,-90.3516,-70.1719,-99.1406,190424_VL2.png
Lin,4/24/2019,Terra,2,60.4336,-151.1016,51.6445,-159.8906,190424_VL3.png
Lin,4/24/2019,Terra,2,55.3359,-16.1719,46.5469,-24.9609,190424_VL4.png
Lin,4/25/2019,Terra,1,-45.457,136.6875,-54.2461,127.8984,190425_VL1.png
Lin,4/25/2019,Terra,1,-42.3984,87.3281,-51.1875,78.5391,190425_VL2.png
Lin,4/25/2019,Terra,2,-59.4141,-142.5234,-68.2031,-151.3125,190425_VL3.png
Lin,4/25/2019,Terra,1,60.3984,-143.0156,51.6094,-151.8047,190425_VL4.png
Lin,4/25/2019,Terra,1,65.1797,-34.4531,56.3906,-43.2422,190425_VL5.png
Lin,4/26/2019,Terra,1,60.1523,-136.0547,51.3633,-144.8438,190426_VL1.png
Lin,4/26/2019,Terra,1,60.9609,217.125,52.1719,208.3359,190426_VL2.png
Lin,4/26/2019,Terra,2,-60.3281,-138.3047,-69.1172,-147.0938,190426_VL3.png
Lin,4/27/2019,Terra,2,60.3281,223.5938,51.5391,214.8047,190427_VL1.png
Lin,4/27/2019,Terra,1,-60.3281,221.8359,-69.1172,213.0469,190427_VL2.png
Lin,4/28/2019,Terra,1,-43.3125,-7.3828,-52.1016,-16.1719,190428_VL1.png
Lin,4/29/2019,Terra,2,65.3906,-28.9688,56.6016,-37.7578,190429_VL1.png
Lin,4/30/2019,Terra,2,-51.1172,-204.8203,-59.9063,-213.6094,190430_VL1.png
Lin,4/30/2019,Terra,1,56.7422,-9.2813,47.9531,-18.0703,190430_VL3.png
Moore,7/9/2019,Aqua,2,-53.021,140.916,-61.816,132.121,190709_RM1.png
Moore,7/9/2019,Terra,2,-45.7865,141.4466,-54.584,132.6668,190709_RM2.png
Moore,7/10/2019,Terra,1,-41.8008,169.1631,-50.5898,160.374,190710_RM1.png
Moore,7/11/2019,Terra,1,-48.7234,-149.024,-57.5067,-157.8331,190711_RM1.png
Moore,7/12/2019,Aqua,2,-49.1159,-96.773,-57.9204,-105.5773,190712_RM1.png
Moore,7/14/2019,Terra,2,-50.3033,-116.3234,-59.0932,-125.1133,190714_RM1.png
Moore,7/14/2019,Terra,1,-53.9894,-81.1795,-62.7965,-89.9866,190714_RM2.png
Moore,7/14/2019,Terra,2,-52.5302,-65.6497,-61.3374,-74.5969,190714_RM3.png
Moore,7/15/2019,Terrra,2,-47.5844,-75.7263,-56.3932,-84.535,190715_RM1.png
Moore,7/15/2019,Terra,2,-47.2363,81.472,-56.029,72.6944,190715_RM2.png
Moore,7/15/2019,Aqua,1,-51.4559,8.9885,-60.2201,0.1944,190715_RM3.png
Marchesi,7/25/2018,Aqua,2,-46.7032,-12.3654,-55.4872,-21.1495,250718_RM2.png
Marchesi,7/25/2018,Aqua,2,-45.6141,79.0543,-54.4044,70.2641,250718_RM3.png
Marchesi,7/28/2018,Aqua,1,-42.5595,5.0102,-51.3467,-3.777,280718_RM1.png
Herrera,6/30/2018,aqua,2,-47.0275,80.7299,-55.8177,71.9397,180630_JH1.png
Singh,04/01/2019,Terra,1,65.8557,-18.2988,57.0696,-27.0849,190401_RS1.png
Olken-Hunt,7/15/2019,Aqua,2,-49.3514,-116.1654,-58.1396,-124.9536,190715_PO1.png
Olken-Hunt,7/15/2019,Aqua,1,-48.3226,-72.7892,-57.8317,-83.0547,190715_PO2.png
Olken-Hunt,07/16/2019,Aqua,1,-41.8402,-14.1576,-50.6402,-22.9576,190716_PO1.png
Olken-Hunt,07/17/2019,Aqua,2,-54.3379,-75.6643,-63.1206,-84.4865,190717_PO1.png
Olken-Hunt,07/20/2019,Terra,2,-40.1202,-78.614,-48.9929,-87.4263,190720_PO1.png
Kannan,08/03/19,Terra,2,-43.716,-151.4474,-52.5415,-160.2749,190803_SK1.png
Kannan,08/03/19,Terra,0,52.8292,-162.4569,43.0447,-171.2415,190803_SK3.png
Kannan,08/04/19,Terra,2,58.6866,-11.9452,49.8084,-20.777,190804_SK3.png
Kannan,08/04/19,Aqua,1,-49.6095,-25.7254,-58.407,-34.5229,190804_SK2.png
Kannan,08/06/19,Aqua,2,-51.7502,119.4088,-60.5399,180.619,190806_SK1.png
Ko,08/07/2019,Aqua,2,-44.2811,154.8557,-53.0676,146.0691,190807_JK1.png
Ko,08/07/2019,Aqua,1,48.8619,-22.1697,40.0783,-30.9687,190807_JK2.png
Ko,08/07/2019,Terra,1,-50.9358,-51.2393,-59.7869,-60.024,190807_JK4.png
Ko,08/08/2019,Terra,2,50.2516,-15.4465,41.3565,-24.2408,190808_JK5.png
Ko,08/09/2019,Aqua,1,54.6825,167.8096,45.9224,158.4722,190809_JK8.png
Ko,08/09/2019,Aqua,0,69.1561,-111.3499,60.2728,-120.1405,190809_JK10.png
Perez,08/17/19,Terra,2,-43.6475,-133.4197,-52.4613,-142.2752,190817_DP2.png
Perez,08/19/2019,Terra,1,-43.1007,65.3881,-51.9144,56.5325,190819_DP1.png
Perez,08/19/2019,Terra,0,-55.7195,113.0982,-64.5332,104.2427,190819_DP4.png
Torres,08/29/2019,Aqua,1,-49.3829,61.6339,-58.1611,52.8557,190829_YT8.png
Torres,08/29/2019,Aqua,2,-55.1944,166.6794,-63.9746,157.8993,190829_YT9.png
Torres,08/29/2019,Aqua,2,-45.4845,-123.4255,-54.2765,-132.2175,190829_YT10.png
Torres,08/30/2019,Terra,2,-41.441,-155.6761,-50.2213,-164.4564,190830_YT7.png
Kapur,09/01/19,Terra,0,82.2484,-0.8784,73.4587,-9.668,190901_AK1.png
Roden,09/01/19,Terra,2,70.24288221,5.732601079,61.44740759,-3.062873532,190901_GR1.png
Roden,09/01/19,Terra,1,-43.50259604,-141.0452938,-52.2863262,-149.829024,190901_GR2.png
Roden,09/04/19,Terra,2,69.17892004,-56.20742717,60.38616248,-65.00018474,190904_GR1.png
Kapur,09/10/19,Terra,2,64.5696,-31.736,55.788,-40.5176,190910_AK2.png
Kapur,09/10/19,Terra,2,52.6892,-145.3484,43.8762,-154.1614,190910_AK3.png
Kapur,09/11/19,Terra,1,55.1457,-136.3737,45.5358,-145.1867,190911_AK4.png
Kapur,09/12/19,Terra,1,54.6902,-136.8361,45.8749,-145.6196,190912_AK5.png
Roden,09/12/19,Terra,1,55.69653487,223.7702158,46.92045089,214.9635532,190912_GR1.png
Roden,09/14/19,Terra,0,56.66363861,-33.31162221,47.89786567,-42.11059883,190914_GR1.png
Kapur,09/16/19,Terra,2,60.0821,-141.2067,51.2985,-149.9903,190916_AK6.png
Kapur,09/16/19,Terra,0,54.3772,-135.5437,45.5908,-144.3301,190916_AK7.png
Roden,09/16/19,Terra,0,-41.78912109,72.1611265,-50.59769835,63.35254924,190916_GR1.png
Kapur,09/17/19,Terra,0,59.9583,-138.1457,51.1719,-146.9321,190917_AK10.png
Roden,09/17/19,Terra,0,54.11376772,-22.05281586,45.33233591,-30.83424767,190917_GR1.png
Roden,09/18/19,Terra,0,51.84611438,-179.7783499,43.06863502,-188.5558292,190918_GR1.png
Kinloch,09/19/19,Aqua,1,-41.90928128,-50.71477907,-50.70014049,-59.50563828,190919_SK1.png
Kinloch,09/20/19,Terra,2,-48.8858,-36.5286,-57.6789,-45.3216,190920_SK1.png
Kinloch,09/21/19,Aqua,0,-64.44020943,-154.0231326,-73.22678891,-162.8097121,190921_SK1.png
Kinloch,09/21/19,Aqua,0,-40.86639707,-151.8078987,-49.65705196,-160.5985536,190921_SK4.png
Kinloch,09/21/19,Aqua,0,53.61685214,-135.5611311,44.82619726,-144.351786,190921_SK5.png
Kaul,09/23,Terra,0,62.4275,-169.7456,53.6324,-178.5407,190923_EK1.png
Kinloch,09/24/19,Aqua,1,-56.38539284,-86.00775926,-65.17332004,-94.79568646,190924_SK1.png
Kaul,09/24/19,Terra,0,-51.6452,-129.6185,-60.3897,-138.363,190924_EK1.png
Kaul,09/24/19,Terra,0,-40.1312,9.8075,-48.8994,1.0392,190924_EK2.png
Kaul,09/24/19,Terra,0,-41.0685,-16.8432,-49.8272,-25.6019,190924_EK3.png
Kinloch,09/25/19,Aqua,2,-61.4527475,-96.54277953,-70.2480078,-105.3380398,190925_SK1.png
Kaul,09/25/19,Terra,0,-41.7381,136.0736,-50.4493,127.3651,190925_EK1.png
Kaul,09/27/19,Terra,1,-43.5248,-80.7068,-52.2767,-89.4587,190928_EK1.png
Kaul,09/30/19,Terra,1,55.3362,-14.4638,46.5373,-23.1887,190930_EK1.png
Kaul,09/30/19,Terra,1,54.4322,-41.8945,45.6541,-50.6726,190930_EK2.png
Kaul,09/30/19,Terra,1,-40.0429,-133.6989,-48.8456,-142.5016,190930_EK4.png
Louie,01/04/2020,Terra,2,-40.0399,-157.0472,-48.8104,-165.8177,200105_AL8.png
Louie,01/11/2020,Aqua,2,-52.1731,124.0872,-60.9637,115.2965,200111_AL1.png
Louie,01/11/2020,Aqua,0,-55.5088,171.2748,-64.2969,162.4867,200111_AL2.png
Louie,01/12/2020,Aqua,1,-40.5607,-133.5744,-49.3239,-142.3376,200112_AL3.png
Louie,01/12/20,Aqua,1,-52.3455,123.9506,-61.1292,115.1669,200112_AL4.png
Louie,01/12/20,Terra,0,-41.4724,-133.5788,-50.2581,-142.3644,200112_AL5.png
Louie,01/13/2020,Terra,0,61.0904,-14.6427,52.2985,-23.4345,200113_AL6.png
Siddique,01/14/20,Terra,0,-48.8663,66.9379,-57.6576,38.1466,200114_ZS1.png
Siddique,01/17/20,Aqua,1,-59.1914,-141.8044,-67.9673,-150.5803,200117_ZS6.png
Siddique,01/17/20,Aqua,2,53.0388,-24.1209,44.2495,-32.9102,200117_ZS7.png
Siddique,01/17/20,Terra,1,49.3222,-135.6123,40.5286,-144.4059,200117_ZS8.png
Mazzone,1/18/2020,Terra,2,49.3277,-135.2896,40.5295,-144.0703,200118_AM1.png
Mazzone,1/18/2020,Aqua,2,-57.4159,-140.9202,-66.2753,-149.7795,200118_AM2.png
Mazzone,1/18/2020,Aqua,2,-61.155,-38.0866,-70.0144,29.2272,200118_AM2.png
Mazzone,1/18/2020,Terra,1,-63.4606,-19.2982,-72.32,-28.1575,200118_AM5.png
Mazzone,1/18/2020,Aqua,0,-49.6521,-110.6799,-58.4412,-119.469,200118_AM8.png
Mazzone,1/18/2020,Aqua,2,-51.7949,84.8988,-60.5867,76.1071,200118_AM11.png
Willette,01/19/2020,Aqua,2,-52.4669,-112.6411,-61.2519,-121.4261,200119_CW1.png
Willette,01/20/2020,Terra,2,-52.2539,-114.5714,-61.0524,-123.37,200120_CW2.png
Willette,01/20/2020,Terra,0,-53.6516,136.3312,-62.4602,127.5226,200120_CW3.png
Willette,01/20/2020,Terra,0,-45.7648,147.598,-54.5734,138.7894,200120_CW4.png
Siddique,01/25/20,Terra,2,-51.9563,-124.0189,-60.7458,-132.8084,200125_ZS9.png
Siddique,01/25/20,Aqua,1,-52.458,18.373,-61.2684,9.5599,200125_ZS10.png
Pak,02/08/2020,Terra,2,55.829,-128.4021,47.0348,-137.1809,200208_EP1.png
Pak,02/08/2020,Aqua,2,-46.9497,-85.8096,-55.7796,-94.6395,200208_EP2.png
Pak,02/09/2020,Aqua,1,-44.0699,-95.4359,-52.8711,-104.2464,200209_EP1.png
Cheung,02/15/20,Aqua,2,-49.291,104.7093,-58.0923,95.905,200215_KC1.png
Cheung,02/15/20,Aqua,2,64.2374,-14.2969,55.43,-23.1043,200215_KC2.png
Cheung,02/15/20,Aqua,1,-56.3741,-155.4598,-65.1478,-164.2689,200215_KC3.png
Cheung,02/15/20,Terra,0,-40.8022,110.4642,-49.6013,101.6651,200215_KC6.png
Cheung,02/16/20,Terra,2,56.1788,-173.3203,47.3912,-177.8754,200216_KC1.png
Cheung,02/16/20,Terra,1,-55.4757,68.9226,-64.2801,60.1182,200216_KC2.png
Cheung,02/16/20,Terra,0,-40.5363,125.8478,-49.2874,117.0966,200216_KC3.png
Chen,02/19/2020,Terra,2,-59.4576,140.3052,-68.2708,131.461,200219_DC2.png
Chen,02/19/2020,Terra,1,-60.8648,-101.1183,-69.644,-109.9516,200219_DC3.png
Chen,02/19/2020,Aqua,0,-48.3466,-171.6849,-57.1585,179.5032,200219_DC4.png
Chen,02/19/2020,Aqua,2,60.3868,-141.5468,51.3096,-150.5119,200219_DC6.png
Chen,02/21/2020,Aqua,2,-47.208,-96.1159,-56.009,-104.9169,200221_DC7.png
Chen,02/21/2020,Aqua,0,-51.3377,22.0548,-60.1387,13.2538,200221_DC8.png
Chen,02/21/2020,Aqua,0,-46.4294,77.9075,-55.2305,69.1065,200221_DC9.png
Furman,2/22/2020,Terra,1,61.7015,176.7578,52.9017,167.9336,200222_EF2.png
Furman,2/23/2020,Terra,1,-49.7133,178.9563,-58.5485,170.1212,200223_EF2.png
Furman,2/25/2020,Modis,0,50.8506,-158.5973,41.9931,-167.4906,200225_EF2.png
Furman,2/26/2020,Modis,1,-50.3352,149.509,-59.1552,140.689,200226_EF1.png
Lauterbach,03/01/2020,Aqua,2,62.8075,-28.0465,54.0211,-36.8329,200301_JL1.png
Lauterbach,03/03/2020,Aqua,1,-57.7554,58.2027,-66.6275,50.3659,200303_JL2.png
Lauterbach,03/04/2020,Aqua,1,66.8467,-31.1629,57.9921,-39.9716,200304_JL4.png
Lauterbach,03/06/2020,Terra,0,-40.569,-156.2824,-49.3812,-165.0946,200306_JL6.png
Lauterbach,03/07/2020,Terra,0,-46.2851,155.9111,-55.0973,147.0989,200307_JL7.png
Lauterbach,03/08/2020,Terra,0,57.143,-20.6153,48.3308,-29.4275,200308_JL10.png
Willingham,03/13/2020,Terra,1,-56.548,-137.9021,-65.4186,-146.7727,200313_LW1.png
Willingham,03/18/2020,Terra,0,-61.6127,-91.6665,-72.5442,-100.5371,200318_LW1.png
Willingham,03/18/2020,Terra,1,61.1812,-139.1976,52.2198,-148.0684,200318_LW2.png
Willingham,03/18/2020,Aqua,2,-55.3964,121.0767,-64.3566,112.2061,200318_LW3.png
Willingham,03/19/2020,Aqua,2,52.2164,-132.9168,43.2564,-141.7874,200319_LW1.png
Crooks,3/21/2020,Terra,2,67.4234,-29.9836,58.6178,-35.7905,200321_JC1.png
Crooks,3/23/2020,Aqua,1,-57.4436,77.0739,-66.3678,68.2849,200323_JC1.png
Crooks,3/24/2020,Aqua,2,-52.2813,-101.6312,-61.1055,-110.4203,200324_JC1.png
Crooks,3/25/2020,Auqa,0,78.0757,44.6871,69.283,35.9347,200325_JC3.png
Crooks,3/26/2020,Terra,2,50.1721,-10.8251,41.3887,-19.6085,200326_JC1.png
Crooks,3/26/2020,Aqua,1,48.9024,155.6794,40.119,146.896,200326_JC2.png
Crooks,3/31/2020,Aqua,2,-56.1603,41.4392,-64.9276,32.6719,200331_JC1.png
Gordon,07/01/20,Terra,2,-41.4598,-147.8411,-50.2913,-156.6727,200701_TG1.png
Gordon,07/01/20,Terra,2,-48.9494,-19.7178,-57.7809,-28.5493,200701_TG2.png
Gordon,07/02/20,Terra,2,-40.5076,-147.2001,-49.3391,-156.0316,200702_TG3.png
Gordon,07/02/20,Terra,1,-47.0691,19.6885,-55.9006,10.857,200702_TG4.png
Gordon,07/02/20,Terra,1,-42.179,-92.4234,-51.0105,-101.2549,200702_TG5.png
Gordon,07/02/20,Aqua,0,57.6334,-32.0107,48.8403,-40.8038,200702_TG6.png
Gordon,07/03/20,Aqua,0,-43.3134,-148.4469,-52.1065,-157.24,200703_TG10.png
Pantelis,07/23/20,Aqua,2,-47.6724,93.5961,-56.4543,84.8142,200723_DP1.png
Pantelis,07/25/20,Terra,0,-42.149,82.4179,-50.9631,73.6037,200725_DP1.png
Pantelis,07/27/20,Terra,2,64.1314,-2.0036,55.3506,-10.7843,200727_DP1.png
Pantelis,07/27/20,Terra,0,49.1159,-35.1652,40.3171,-43.9639,200727_DP3.png
Pantelis,07/28/20,Aqua,2,52.6751,-141.0086,43.8947,-149.8058,200728_DP2.png
Louie,01/07/21,Aqua,0,-52.1223,-146.573,-60.9112,-155.3619,200107_AL9.png
Louie,01/10/21,Aqua,2,55.8185,-40.3871,47.0376,-49.1679,200110_AL10.png
Ilanchezhian,01/20/21,Aqua,0,-63.3343,5.1341,-71.9191,-3.7941,210130_KI4.png
Louie,01/04/2020,Terra,0,-45.006,147.49,-53.8032,138.6928,200104_AL7.png